{
  "Logistic Regression": {
    "accuracy": 0.805,
    "f1": 0.2777777777777778,
    "precision": 0.5639097744360902,
    "recall": 0.18427518427518427,
    "roc_auc": 0.7731768748717902,
    "cv_auc": 0.7634338492357775
  },
  "Random Forest": {
    "accuracy": 0.8665,
    "f1": 0.5834633385335414,
    "precision": 0.7991452991452992,
    "recall": 0.4594594594594595,
    "roc_auc": 0.8503287571084182,
    "cv_auc": 0.8522380117691248
  },
  "XGBoost": {
    "accuracy": 0.8685,
    "f1": 0.5984732824427481,
    "precision": 0.7903225806451613,
    "recall": 0.48157248157248156,
    "roc_auc": 0.8642818473326948,
    "cv_auc": 0.8607034507998576
  }
}